incident_id,timestamp,latitude,longitude,incident_type,severity_proxy,source
INC-001,2026-01-04T08:15:00Z,34.128,-83.790,MVC,HIGH,SYNTHETIC_DEMAND_PROXY
INC-002,2026-01-07T18:40:00Z,34.214,-83.706,MVC,CRITICAL,SYNTHETIC_DEMAND_PROXY
INC-003,2026-01-11T11:05:00Z,34.070,-83.612,FARM_INJURY,HIGH,SYNTHETIC_DEMAND_PROXY
INC-004,2026-01-15T21:20:00Z,34.188,-83.500,MVC,CRITICAL,SYNTHETIC_DEMAND_PROXY
INC-005,2026-01-19T14:30:00Z,34.266,-83.462,MVC,HIGH,SYNTHETIC_DEMAND_PROXY
INC-006,2026-01-23T06:55:00Z,34.032,-83.700,MVC,HIGH,SYNTHETIC_DEMAND_PROXY
INC-007,2026-02-02T16:10:00Z,34.327,-83.736,FALL,MEDIUM,SYNTHETIC_DEMAND_PROXY
INC-008,2026-02-06T19:45:00Z,34.116,-83.435,MVC,CRITICAL,SYNTHETIC_DEMAND_PROXY
INC-009,2026-02-10T09:25:00Z,33.990,-83.645,FARM_INJURY,HIGH,SYNTHETIC_DEMAND_PROXY
INC-010,2026-02-14T13:00:00Z,34.242,-83.590,MVC,HIGH,SYNTHETIC_DEMAND_PROXY
INC-011,2026-02-18T22:35:00Z,34.091,-83.492,MVC,CRITICAL,SYNTHETIC_DEMAND_PROXY
INC-012,2026-02-22T07:50:00Z,34.308,-83.517,FALL,MEDIUM,SYNTHETIC_DEMAND_PROXY
INC-013,2026-03-03T17:15:00Z,34.153,-83.740,MVC,HIGH,SYNTHETIC_DEMAND_PROXY
INC-014,2026-03-07T12:05:00Z,34.038,-83.398,MVC,HIGH,SYNTHETIC_DEMAND_PROXY
INC-015,2026-03-11T20:40:00Z,34.202,-83.409,MVC,CRITICAL,SYNTHETIC_DEMAND_PROXY
INC-016,2026-03-15T10:10:00Z,34.280,-83.674,FARM_INJURY,MEDIUM,SYNTHETIC_DEMAND_PROXY
INC-017,2026-03-19T15:25:00Z,34.112,-83.552,MVC,HIGH,SYNTHETIC_DEMAND_PROXY
INC-018,2026-03-23T23:05:00Z,34.334,-83.688,MVC,CRITICAL,SYNTHETIC_DEMAND_PROXY
INC-019,2026-04-02T08:35:00Z,34.062,-83.438,MVC,HIGH,SYNTHETIC_DEMAND_PROXY
INC-020,2026-04-06T18:20:00Z,34.191,-83.674,MVC,HIGH,SYNTHETIC_DEMAND_PROXY
INC-021,2026-04-10T11:55:00Z,34.276,-83.430,FALL,MEDIUM,SYNTHETIC_DEMAND_PROXY
INC-022,2026-04-14T21:10:00Z,33.972,-83.725,MVC,CRITICAL,SYNTHETIC_DEMAND_PROXY
INC-023,2026-04-18T05:45:00Z,34.344,-83.780,MVC,HIGH,SYNTHETIC_DEMAND_PROXY
INC-024,2026-04-22T14:05:00Z,34.138,-83.470,FARM_INJURY,HIGH,SYNTHETIC_DEMAND_PROXY
INC-025,2026-05-02T19:30:00Z,34.025,-83.515,MVC,CRITICAL,SYNTHETIC_DEMAND_PROXY
INC-026,2026-05-06T09:40:00Z,34.227,-83.526,MVC,HIGH,SYNTHETIC_DEMAND_PROXY
INC-027,2026-05-10T16:50:00Z,34.316,-83.600,FALL,MEDIUM,SYNTHETIC_DEMAND_PROXY
INC-028,2026-05-14T22:15:00Z,34.082,-83.816,MVC,HIGH,SYNTHETIC_DEMAND_PROXY
INC-029,2026-05-18T12:35:00Z,34.175,-83.390,MVC,CRITICAL,SYNTHETIC_DEMAND_PROXY
INC-030,2026-05-22T07:25:00Z,34.290,-83.770,MVC,HIGH,SYNTHETIC_DEMAND_PROXY
